hewan,diagnosa,jumlah_hewan_yang_diperiksa,pengobatan
Anjing,Abortus,0,"Vetoxy La, Vetadryl, Sulpidone, Hematodin"
Anjing,Abses,0,"Cefotaxime,Dexamethason,Biosolamin,Septo Skin Spray"
Anjing,Acral Lick Dermatitis,0,"Bethamox, Vitol Ade, Vetadryl"
Anjing,Aggenesis Anni,0,Op Pembuatan Anus
Anjing,Alergi,0,"Vetadryl, Vit Ade."
Anjing,Anemia,0,"Hematodin, Vetadryl"
Anjing,Arthritis,0,"Calcidex, Vit Ade, Dexamethazone, Biodin"
Anjing,Avitaminosis,0,"Inj/ Betamox, Vetadryl, Hematodin, Biodin, Curvit"
Anjing,BEF,0,"Vetoxy LA, Vetadryl, Sulpidone, Hematodin"
Anjing,Bronkitis,0,"Cefadroxil, Ambroxol, Dexamethason, Vit C"
Anjing,Calici,0,"Clavamox, Pronisi, Vi. C, Imboost"
Anjing,Check Up,0,Hematodin
Anjing,Chlamydia,0,"Dexamethason, Chloramphenicol Salep Mata"
Anjing,Chlongiohepatitis,0,"Betamox, Vetadryl, Hematopan , Biodin "
Anjing,CKD,0,"Ketosteril, Lenal Ace, Ornipural"
Anjing,Conjunctivitis,0,"Dexamethason, Chloramphenicol Salep Mata"
Anjing,Dehidrasi,0,"Hematodin, Cairan RL"
Anjing,Demam Non Spesifik,0,"Bethamox, Hematodin, Sulpidone"
Anjing,Demodecosisi,0," Ivomec, Vetadryl"
Anjing,Dermatitis,0,"Ivermectin,Lincomycin,Prednisone,Biosolamin,Inmunair"
Anjing,Dermatophytosis,0,"Sebazole, Chlorhexidine, Vetadryl"
Anjing,Diarrhea,0,"Bethamox, Vetadryl, Biodin, Hematodin"
Anjing,Dislokasi,0,"Bethamox, Hematodin, Dexamethazone"
Anjing,Distokia,0,"Ketamin, Lidocaine, Dexamethasone, Vit B1 , Caesar"
Anjing,DIPHYLIDIASIS,0,"Inj / Betamox, Vetadryl, Hematopan R/ Drontal Cat"
Anjing,Ear mites,1,"Ivermectin, Roborante, Erlamicetin Tetes Telinga"
Anjing,Ektoparasitosis,0,"Ivermectin, Roborante"
Anjing,Endoparasit,1,"Doxycycline, Clindamycin, Ivermectine, Selamectine"
Anjing,Enteritis,1,"Biosolamin,Loperamide,Flagyl,Inmunair"
Anjing,EGC,0,"Doxycycline,Dexa, Catosal"
Anjing,Endophtalmitis,0,"Inj/ Betamox, Tolfedine , Hematopan , Biodin "
Anjing,Endometritis,0,"Doxyciclin,Dexamethason, Biosolamin"
Anjing,Febris,0,"Vit. B Complek, Stimuno"
Anjing,FCV,0,"Inj / Vetadryl , Aminophyline , Vetoxy , Hematopan , Biodin R/ Infus Rl Subkutan "
Anjing,FHV / FRV,0,"Vitamin C , Vetadryl, Hematopan, Biodin"
Anjing,FIC,0,Flunixin
Anjing,FIP,0,"Doxycycline, Curcuma, B Complek"
Anjing,FLUTD,0,"Pasang Cateter,Ampicillin,Aminophyllin,Biosolamin,"
Anjing,Flu,0,"Cefotaxime,Ampicillin,Aminophyllin,Biosolamin,Fluimucil"
Anjing,Fraktur,2,"Operasi Pasang Pen, Bandage, Meloxicam"
Anjing,FUC,0,"Betamox, Tolfedin , Hematopan , Biodin"
Anjing,Gangguan Syaraf Tulang Belakang,0,"Bethamox, Vitamin B1, Dexametazone, Hematodin"
Anjing,Gastritis,0,"Primperan,Biosolamin,Prednisone,Cefotaxime"
Anjing,Gastroenteritis,0,"Primperan,Biosolamin,Flagyl,Loperamide,Mylanta"
Anjing,Ginggivitis,0,"Betamox, Vetadryl"
Anjing,Glaucoma,0,"Inj/ Hematopan, R/ Cravit Eye Drop, Hyalub Eye Drop R/Doxy, Retivit, Seloxy"
Anjing,Helminthiasis,0,"Drontal Dog, Drontal Cat, Albendazole"
Anjing,Hernia Abdominalis,0,"Rl Sc, Vetadryl, Hematodin"
Anjing,Hyphocalsemia,0,"Calcidex Plus, Vit Ade"
Anjing,Hydroderma,0,"R/ Furosemide, Heptasan, Seloxy"
Anjing,Heart Failure,0,"Inj / Betamox, Vetadryl"
Anjing,Indigesti,0,"Bethamox, Hematodin, Vetadryl"
Anjing,Inkoordinasi Syaraf,0,"Neurobion, Catosol"
Anjing,Intoksikasi ,0,"Bethamox, Hematodin, Vetadryl, Biodin"
Anjing,Ikterus,0,"Hematodin, Vetadryl, Vit B1"
Anjing,Jamur,0,"Ivermectin,Ketoconazole,Enrofloxacin"
Anjing,Kennel Cough,0,"Betamox, Vetadryl "
Anjing,Konstipasi,0," Betamox, Vetadryl , Hematopan"
Anjing,Kornea ulser,0,"Gentamicin, Tetracicline, Ofloxacin, Vit A"
Anjing,Laminitis,0,"Cefotaxime,Ampicillin,Aminophyllin,Biosolamin, Dexamethason"
Anjing,Luka Trauma,0,"Cefotaxime,Roborante,Dexamethason,Biosolamin, Enrofloxacin"
Anjing,Laringitis,0,"Cefotaxime,Ampicillin,Aminophyllin,Biosolamin, Dexamethason"
Anjing,Malnutrisi,0, Hematodin
Anjing,Mastitis,0,"Lactaclox, Spiradin"
Anjing,Myalgia,0," Betamox, Dexa, Neurobion"
Anjing,Myasis,0,"Betamox, Dexa, Ivomec"
Anjing,Mycoplasmosis,0,"Inj / Vetadryl , Aminophyline , Vetoxy , Hematopan , Biodin R/ Infus Rl Subkutan "
Anjing,Metritis,0,"Vetoxy La, Vetadryl, Hematodin, Sulpidone"
Anjing,Miositis,0,"Dexamethason, Prednisone"
Anjing,Necrotic,0,"Inj/ Cefazidime , Biodin , Dexametasone"
Anjing,Operasi Kecil,0,"Ketamine, Silazin, Bethamox, Hematodin"
Anjing,Operasi Besar,0,"Ketamine, Silazin, Bethamox, Hematodin"
Anjing,ORF,0,"Vetoxy LA, Vetadryl, Introvit B-Comp"
Anjing,Othematoma,0,"Amoxicillin, Dexamethasone, Adona, "
Anjing,Otitis,0,"Doxyciclin,Biosolamin,"
Anjing,Paraplegia,0,Nacl Fisiologis
Anjing,Parvo,1,"Infus Rl Subkutan , Inj / Catosal , Hvetadryl, Betamox "
Anjing,Panleukopenia,0,"Betamox, Vetadryl, Hematopan, Biodin"
Anjing,Pasteurellosis,0,"Inj / Baytril, Vetadryl , Hematopan , Biodin"
Anjing,Pemeriksaan,0,"Hematodin, Vit Ade"
Anjing,Periodontitis,0,"Vit C, Ampicillin, Amoxicillin, Dexamethasone"
Anjing,Pneumonia,0,"Hematopan, Vetedryl, Biodin"
Anjing,Post partus,0,"Bethamox, Hematodin, Vetadryl"
Anjing,Pregnant,0,"Vit Ade, Vit Bcomplex, Biodin"
Anjing,Prolaps anii,0,"Metronidazole, Hematopan, Kaolin Pectin"
Anjing,Prolaps Bulbi,0,"Betamox, Vetadryl, Biodin, Hematopan, Enukleasi"
Anjing,Prolaps Testis,0,"Betamox, Vetadryl, Biodin, Hematopan, Kastrasi"
Anjing,Pullorum,0,"Inj / Hematodin, Biodin, Vetadryl, R/ Baytril, Seloxy Aa, Bio Atp, Imboost"
Anjing,Pyoderma,0,"Cephalexin, Dexamethasone, Vit.C"
Anjing,Pyometra,0," Betamox, Vetadryl, Hematopan Biodin, Operasi Angkat Pyometra"
Anjing,Radang,0,"Bethamox, Hematodin, Vetadryl, Tolfedine"
Anjing,Renal Failure,0,"Biodin, Hematodin"
Anjing,Retensio Sec,0,"Vetoxy La, Vetadryl, Sulpidone, Hematodin"
Anjing,Rhinitis,0,"Septri, Hematopan, Biodin, Vetadryl"
Anjing,Rhinotracheitis,0,"Inj/ Betamox, Tolfedine, Hematodin, Vetadryl, Injektamin"
Anjing,Seizure,0,Castran
Anjing,Sehat,8,"Vaksin, Surat Keterangan Sehat, Operasi"
Anjing,Snot,0,"Enrofloxacin, Biodin"
Anjing,Stres fisiologis,0,"Betamox, Vetadryl, Hematopan , Biodin "
Anjing,Stomatitis,0,"Betamox, Biodin"
Anjing,Scabies,0,"Ivermectin, Biosolamin,Inmunair"
Anjing,Sporotrichosis,0,"Betamox, Vetadryl "
Anjing,Sprain,0,"Vitol Ade, Vetoxy La"
Anjing,Suspek Calisivirus,0,"Bethamox, Hematodin, Vetadryl, Biodin"
Anjing,Suspek FUS,0,"Bethamox, Hematodin, Vetadryl"
Anjing,Suspek Panleucopenia,0,"Bethamox, Hematodin, Vetadryl"
Anjing,Suspek Chlamydiosis,0,"Bethamox, Hematodin, Vetadryl"
Anjing,Suspect FRV,0,"Vitamin B-Comp, Dexametazone/Spiradin, Hematodin"
Anjing,Suspect FHV,0,"Vetoxy LA, Vetadryl"
Anjing,Syaraf Tulang Belakang,0,"Bethamox, Hematodin, Dexamethasone"
Anjing,Tumor,0,"Operasi Angkat Tumor, Betamox, Vitol"
Anjing,Timpany,0,"Trocar, Antibloat"
Anjing,Uveitis,0,"Limoxin , Dexa , Hematopan Biodin"
Anjing,Vaksin Rabies,0,"Cefotaxime,Roborante,Dexamethason,Biosolamin, Enrofloxacin"
Anjing,Vulnus,0,"Cefotaxime,Roborante,Dexamethason,Biosolamin, Enrofloxacin"
Kucing,Abortus,1,"Vetoxy La, Vetadryl, Sulpidone, Hematodin"
Kucing,Abses,14,"Cefotaxime,Dexamethason,Biosolamin,Septo Skin Spray"
Kucing,Acral Lick Dermatitis,0,"Bethamox, Vitol Ade, Vetadryl"
Kucing,Aggenesis Anni,0,Op Pembuatan Anus
Kucing,Alergi,2,"Vetadryl, Vit Ade."
Kucing,Anemia,6,"Hematodin, Vetadryl"
Kucing,Arthritis,0,"Calcidex, Vit Ade, Dexamethazone, Biodin"
Kucing,Avitaminosis,8,"Inj/ Betamox, Vetadryl, Hematodin, Biodin, Curvit"
Kucing,BEF,0,"Vetoxy LA, Vetadryl, Sulpidone, Hematodin"
Kucing,Bronkitis,1,"Cefadroxil, Ambroxol, Dexamethason, Vit C"
Kucing,Calici,2,"Clavamox, Pronisi, Vi. C, Imboost"
Kucing,Check Up,0,Hematodin
Kucing,Chlamydia,18,"Dexamethason, Chloramphenicol Salep Mata"
Kucing,Chlongiohepatitis,3,"Betamox, Vetadryl, Hematopan , Biodin "
Kucing,CKD,3,"Ketosteril, Lenal Ace, Ornipural"
Kucing,Conjunctivitis,29,"Dexamethason, Chloramphenicol Salep Mata"
Kucing,Dehidrasi,2,"Hematodin, Cairan RL"
Kucing,Demam Non Spesifik,27,"Bethamox, Hematodin, Sulpidone"
Kucing,Demodecosisi,0," Ivomec, Vetadryl"
Kucing,Dermatitis,3,"Ivermectin,Lincomycin,Prednisone,Biosolamin,Inmunair"
Kucing,Dermatophytosis,50,"Sebazole, Chlorhexidine, Vetadryl"
Kucing,Diarrhea,0,"Bethamox, Vetadryl, Biodin, Hematodin"
Kucing,Dislokasi,0,"Bethamox, Hematodin, Dexamethazone"
Kucing,Distokia,4,"Ketamin, Lidocaine, Dexamethasone, Vit B1 , Caesar"
Kucing,DIPHYLIDIASIS,0,"Inj / Betamox, Vetadryl, Hematopan R/ Drontal Cat"
Kucing,Ear mites,15,"Ivermectin, Roborante, Erlamicetin Tetes Telinga"
Kucing,Ektoparasitosis,2,"Ivermectin, Roborante"
Kucing,Endoparasit,6,"Doxycycline, Clindamycin, Ivermectine, Selamectine"
Kucing,Enteritis,86,"Biosolamin,Loperamide,Flagyl,Inmunair"
Kucing,EGC,1,"Doxycycline,Dexa, Catosal"
Kucing,Endophtalmitis,0,"Inj/ Betamox, Tolfedine , Hematopan , Biodin "
Kucing,Endometritis,0,"Doxyciclin,Dexamethason, Biosolamin"
Kucing,Febris,0,"Vit. B Complek, Stimuno"
Kucing,FCV,0,"Inj / Vetadryl , Aminophyline , Vetoxy , Hematopan , Biodin R/ Infus Rl Subkutan "
Kucing,FHV / FRV,5,"Vitamin C , Vetadryl, Hematopan, Biodin"
Kucing,FIC,0,Flunixin
Kucing,FIP,4,"Doxycycline, Curcuma, B Complek"
Kucing,FLUTD,15,"Pasang Cateter,Ampicillin,Aminophyllin,Biosolamin,"
Kucing,Flu,185,"Cefotaxime,Ampicillin,Aminophyllin,Biosolamin,Fluimucil"
Kucing,Fraktur,12,"Operasi Pasang Pen, Bandage, Meloxicam"
Kucing,FUC,0,"Betamox, Tolfedin , Hematopan , Biodin"
Kucing,Gangguan Syaraf Tulang Belakang,2,"Bethamox, Vitamin B1, Dexametazone, Hematodin"
Kucing,Gastritis,15,"Primperan,Biosolamin,Prednisone,Cefotaxime"
Kucing,Gastroenteritis,4,"Primperan,Biosolamin,Flagyl,Loperamide,Mylanta"
Kucing,Ginggivitis,12,"Betamox, Vetadryl"
Kucing,Glaucoma,0,"Inj/ Hematopan, R/ Cravit Eye Drop, Hyalub Eye Drop R/Doxy, Retivit, Seloxy"
Kucing,Helminthiasis,17,"Drontal Dog, Drontal Cat, Albendazole"
Kucing,Hernia Abdominalis,10,"Rl Sc, Vetadryl, Hematodin"
Kucing,Hyphocalsemia,0,"Calcidex Plus, Vit Ade"
Kucing,Hydroderma,0,"R/ Furosemide, Heptasan, Seloxy"
Kucing,Heart Failure,0,"Inj / Betamox, Vetadryl"
Kucing,Indigesti,2,"Bethamox, Hematodin, Vetadryl"
Kucing,Inkoordinasi Syaraf,4,"Neurobion, Catosol"
Kucing,Intoksikasi ,1,"Bethamox, Hematodin, Vetadryl, Biodin"
Kucing,Ikterus,2,"Hematodin, Vetadryl, Vit B1"
Kucing,Jamur,0,"Ivermectin,Ketoconazole,Enrofloxacin"
Kucing,Kennel Cough,0,"Betamox, Vetadryl "
Kucing,Konstipasi,2," Betamox, Vetadryl , Hematopan"
Kucing,Kornea ulser,0,"Gentamicin, Tetracicline, Ofloxacin, Vit A"
Kucing,Laminitis,0,"Cefotaxime,Ampicillin,Aminophyllin,Biosolamin, Dexamethason"
Kucing,Luka Trauma,4,"Cefotaxime,Roborante,Dexamethason,Biosolamin, Enrofloxacin"
Kucing,Laringitis,0,"Cefotaxime,Ampicillin,Aminophyllin,Biosolamin, Dexamethason"
Kucing,Malnutrisi,6, Hematodin
Kucing,Mastitis,1,"Lactaclox, Spiradin"
Kucing,Myalgia,0," Betamox, Dexa, Neurobion"
Kucing,Myasis,0,"Betamox, Dexa, Ivomec"
Kucing,Mycoplasmosis,0,"Inj / Vetadryl , Aminophyline , Vetoxy , Hematopan , Biodin R/ Infus Rl Subkutan "
Kucing,Metritis,0,"Vetoxy La, Vetadryl, Hematodin, Sulpidone"
Kucing,Miositis,0,"Dexamethason, Prednisone"
Kucing,Necrotic,0,"Inj/ Cefazidime , Biodin , Dexametasone"
Kucing,Operasi Kecil,1,"Ketamine, Silazin, Bethamox, Hematodin"
Kucing,Operasi Besar,3,"Ketamine, Silazin, Bethamox, Hematodin"
Kucing,ORF,0,"Vetoxy LA, Vetadryl, Introvit B-Comp"
Kucing,Othematoma,3,"Amoxicillin, Dexamethasone, Adona, "
Kucing,Otitis,11,"Doxyciclin,Biosolamin,"
Kucing,Paraplegia,3,Nacl Fisiologis
Kucing,Parvo,0,"Infus Rl Subkutan , Inj / Catosal , Hvetadryl, Betamox "
Kucing,Panleukopenia,2,"Betamox, Vetadryl, Hematopan, Biodin"
Kucing,Pasteurellosis,0,"Inj / Baytril, Vetadryl , Hematopan , Biodin"
Kucing,Pemeriksaan,22,"Hematodin, Vit Ade"
Kucing,Periodontitis,2,"Vit C, Ampicillin, Amoxicillin, Dexamethasone"
Kucing,Pneumonia,0,"Hematopan, Vetedryl, Biodin"
Kucing,Post partus,0,"Bethamox, Hematodin, Vetadryl"
Kucing,Pregnant,0,"Vit Ade, Vit Bcomplex, Biodin"
Kucing,Prolaps anii,8,"Metronidazole, Hematopan, Kaolin Pectin"
Kucing,Prolaps Bulbi,0,"Betamox, Vetadryl, Biodin, Hematopan, Enukleasi"
Kucing,Prolaps Testis,0,"Betamox, Vetadryl, Biodin, Hematopan, Kastrasi"
Kucing,Pullorum,0,"Inj / Hematodin, Biodin, Vetadryl, R/ Baytril, Seloxy Aa, Bio Atp, Imboost"
Kucing,Pyoderma,0,"Cephalexin, Dexamethasone, Vit.C"
Kucing,Pyometra,8," Betamox, Vetadryl, Hematopan Biodin, Operasi Angkat Pyometra"
Kucing,Radang,1,"Bethamox, Hematodin, Vetadryl, Tolfedine"
Kucing,Renal Failure,0,"Biodin, Hematodin"
Kucing,Retensio Sec,0,"Vetoxy La, Vetadryl, Sulpidone, Hematodin"
Kucing,Rhinitis,6,"Septri, Hematopan, Biodin, Vetadryl"
Kucing,Rhinotracheitis,0,"Inj/ Betamox, Tolfedine, Hematodin, Vetadryl, Injektamin"
Kucing,Seizure,0,Castran
Kucing,Sehat,279,"Vaksin, Surat Keterangan Sehat, Operasi"
Kucing,Snot,0,"Enrofloxacin, Biodin"
Kucing,Stres fisiologis,0,"Betamox, Vetadryl, Hematopan , Biodin "
Kucing,Stomatitis,6,"Betamox, Biodin"
Kucing,Scabies,61,"Ivermectin, Biosolamin,Inmunair"
Kucing,Sporotrichosis,0,"Betamox, Vetadryl "
Kucing,Sprain,0,"Vitol Ade, Vetoxy La"
Kucing,Suspek Calisivirus,44,"Bethamox, Hematodin, Vetadryl, Biodin"
Kucing,Suspek FUS,12,"Bethamox, Hematodin, Vetadryl"
Kucing,Suspek Panleucopenia,31,"Bethamox, Hematodin, Vetadryl"
Kucing,Suspek Chlamydiosis,10,"Bethamox, Hematodin, Vetadryl"
Kucing,Suspect FRV,23,"Vitamin B-Comp, Dexametazone/Spiradin, Hematodin"
Kucing,Suspect FHV,1,"Vetoxy LA, Vetadryl"
Kucing,Syaraf Tulang Belakang,3,"Bethamox, Hematodin, Dexamethasone"
Kucing,Tumor,1,"Operasi Angkat Tumor, Betamox, Vitol"
Kucing,Timpany,0,"Trocar, Antibloat"
Kucing,Uveitis,0,"Limoxin , Dexa , Hematopan Biodin"
Kucing,Vaksin Rabies,1,"Cefotaxime,Roborante,Dexamethason,Biosolamin, Enrofloxacin"
Kucing,Vulnus,71,"Cefotaxime,Roborante,Dexamethason,Biosolamin, Enrofloxacin"
Unggas,Abortus,0,"Vetoxy La, Vetadryl, Sulpidone, Hematodin"
Unggas,Abses,0,"Cefotaxime,Dexamethason,Biosolamin,Septo Skin Spray"
Unggas,Acral Lick Dermatitis,0,"Bethamox, Vitol Ade, Vetadryl"
Unggas,Aggenesis Anni,0,Op Pembuatan Anus
Unggas,Alergi,0,"Vetadryl, Vit Ade."
Unggas,Anemia,0,"Hematodin, Vetadryl"
Unggas,Arthritis,0,"Calcidex, Vit Ade, Dexamethazone, Biodin"
Unggas,Avitaminosis,0,"Inj/ Betamox, Vetadryl, Hematodin, Biodin, Curvit"
Unggas,BEF,0,"Vetoxy LA, Vetadryl, Sulpidone, Hematodin"
Unggas,Bronkitis,0,"Cefadroxil, Ambroxol, Dexamethason, Vit C"
Unggas,Calici,0,"Clavamox, Pronisi, Vi. C, Imboost"
Unggas,Check Up,0,Hematodin
Unggas,Chlamydia,0,"Dexamethason, Chloramphenicol Salep Mata"
Unggas,Chlongiohepatitis,0,"Betamox, Vetadryl, Hematopan , Biodin "
Unggas,CKD,0,"Ketosteril, Lenal Ace, Ornipural"
Unggas,Conjunctivitis,0,"Dexamethason, Chloramphenicol Salep Mata"
Unggas,Dehidrasi,0,"Hematodin, Cairan RL"
Unggas,Demam Non Spesifik,0,"Bethamox, Hematodin, Sulpidone"
Unggas,Demodecosisi,0," Ivomec, Vetadryl"
Unggas,Dermatitis,0,"Ivermectin,Lincomycin,Prednisone,Biosolamin,Inmunair"
Unggas,Dermatophytosis,0,"Sebazole, Chlorhexidine, Vetadryl"
Unggas,Diarrhea,0,"Bethamox, Vetadryl, Biodin, Hematodin"
Unggas,Dislokasi,0,"Bethamox, Hematodin, Dexamethazone"
Unggas,Distokia,0,"Ketamin, Lidocaine, Dexamethasone, Vit B1 , Caesar"
Unggas,DIPHYLIDIASIS,0,"Inj / Betamox, Vetadryl, Hematopan R/ Drontal Cat"
Unggas,Ear mites,0,"Ivermectin, Roborante, Erlamicetin Tetes Telinga"
Unggas,Ektoparasitosis,0,"Ivermectin, Roborante"
Unggas,Endoparasit,0,"Doxycycline, Clindamycin, Ivermectine, Selamectine"
Unggas,Enteritis,0,"Biosolamin,Loperamide,Flagyl,Inmunair"
Unggas,EGC,0,"Doxycycline,Dexa, Catosal"
Unggas,Endophtalmitis,0,"Inj/ Betamox, Tolfedine , Hematopan , Biodin "
Unggas,Endometritis,0,"Doxyciclin,Dexamethason, Biosolamin"
Unggas,Febris,0,"Vit. B Complek, Stimuno"
Unggas,FCV,0,"Inj / Vetadryl , Aminophyline , Vetoxy , Hematopan , Biodin R/ Infus Rl Subkutan "
Unggas,FHV / FRV,0,"Vitamin C , Vetadryl, Hematopan, Biodin"
Unggas,FIC,0,Flunixin
Unggas,FIP,0,"Doxycycline, Curcuma, B Complek"
Unggas,FLUTD,0,"Pasang Cateter,Ampicillin,Aminophyllin,Biosolamin,"
Unggas,Flu,0,"Cefotaxime,Ampicillin,Aminophyllin,Biosolamin,Fluimucil"
Unggas,Fraktur,0,"Operasi Pasang Pen, Bandage, Meloxicam"
Unggas,FUC,0,"Betamox, Tolfedin , Hematopan , Biodin"
Unggas,Gangguan Syaraf Tulang Belakang,0,"Bethamox, Vitamin B1, Dexametazone, Hematodin"
Unggas,Gastritis,0,"Primperan,Biosolamin,Prednisone,Cefotaxime"
Unggas,Gastroenteritis,0,"Primperan,Biosolamin,Flagyl,Loperamide,Mylanta"
Unggas,Ginggivitis,0,"Betamox, Vetadryl"
Unggas,Glaucoma,0,"Inj/ Hematopan, R/ Cravit Eye Drop, Hyalub Eye Drop R/Doxy, Retivit, Seloxy"
Unggas,Helminthiasis,0,"Drontal Dog, Drontal Cat, Albendazole"
Unggas,Hernia Abdominalis,0,"Rl Sc, Vetadryl, Hematodin"
Unggas,Hyphocalsemia,0,"Calcidex Plus, Vit Ade"
Unggas,Hydroderma,0,"R/ Furosemide, Heptasan, Seloxy"
Unggas,Heart Failure,0,"Inj / Betamox, Vetadryl"
Unggas,Indigesti,0,"Bethamox, Hematodin, Vetadryl"
Unggas,Inkoordinasi Syaraf,0,"Neurobion, Catosol"
Unggas,Intoksikasi ,0,"Bethamox, Hematodin, Vetadryl, Biodin"
Unggas,Ikterus,0,"Hematodin, Vetadryl, Vit B1"
Unggas,Jamur,0,"Ivermectin,Ketoconazole,Enrofloxacin"
Unggas,Kennel Cough,0,"Betamox, Vetadryl "
Unggas,Konstipasi,0," Betamox, Vetadryl , Hematopan"
Unggas,Kornea ulser,0,"Gentamicin, Tetracicline, Ofloxacin, Vit A"
Unggas,Laminitis,0,"Cefotaxime,Ampicillin,Aminophyllin,Biosolamin, Dexamethason"
Unggas,Luka Trauma,0,"Cefotaxime,Roborante,Dexamethason,Biosolamin, Enrofloxacin"
Unggas,Laringitis,0,"Cefotaxime,Ampicillin,Aminophyllin,Biosolamin, Dexamethason"
Unggas,Malnutrisi,0, Hematodin
Unggas,Mastitis,0,"Lactaclox, Spiradin"
Unggas,Myalgia,0," Betamox, Dexa, Neurobion"
Unggas,Myasis,0,"Betamox, Dexa, Ivomec"
Unggas,Mycoplasmosis,0,"Inj / Vetadryl , Aminophyline , Vetoxy , Hematopan , Biodin R/ Infus Rl Subkutan "
Unggas,Metritis,0,"Vetoxy La, Vetadryl, Hematodin, Sulpidone"
Unggas,Miositis,0,"Dexamethason, Prednisone"
Unggas,Necrotic,0,"Inj/ Cefazidime , Biodin , Dexametasone"
Unggas,Operasi Kecil,0,"Ketamine, Silazin, Bethamox, Hematodin"
Unggas,Operasi Besar,0,"Ketamine, Silazin, Bethamox, Hematodin"
Unggas,ORF,0,"Vetoxy LA, Vetadryl, Introvit B-Comp"
Unggas,Othematoma,0,"Amoxicillin, Dexamethasone, Adona, "
Unggas,Otitis,0,"Doxyciclin,Biosolamin,"
Unggas,Paraplegia,0,Nacl Fisiologis
Unggas,Parvo,0,"Infus Rl Subkutan , Inj / Catosal , Hvetadryl, Betamox "
Unggas,Panleukopenia,0,"Betamox, Vetadryl, Hematopan, Biodin"
Unggas,Pasteurellosis,1,"Inj / Baytril, Vetadryl , Hematopan , Biodin"
Unggas,Pemeriksaan,0,"Hematodin, Vit Ade"
Unggas,Periodontitis,0,"Vit C, Ampicillin, Amoxicillin, Dexamethasone"
Unggas,Pneumonia,0,"Hematopan, Vetedryl, Biodin"
Unggas,Post partus,0,"Bethamox, Hematodin, Vetadryl"
Unggas,Pregnant,0,"Vit Ade, Vit Bcomplex, Biodin"
Unggas,Prolaps anii,0,"Metronidazole, Hematopan, Kaolin Pectin"
Unggas,Prolaps Bulbi,0,"Betamox, Vetadryl, Biodin, Hematopan, Enukleasi"
Unggas,Prolaps Testis,0,"Betamox, Vetadryl, Biodin, Hematopan, Kastrasi"
Unggas,Pullorum,0,"Inj / Hematodin, Biodin, Vetadryl, R/ Baytril, Seloxy Aa, Bio Atp, Imboost"
Unggas,Pyoderma,0,"Cephalexin, Dexamethasone, Vit.C"
Unggas,Pyometra,0," Betamox, Vetadryl, Hematopan Biodin, Operasi Angkat Pyometra"
Unggas,Radang,0,"Bethamox, Hematodin, Vetadryl, Tolfedine"
Unggas,Renal Failure,0,"Biodin, Hematodin"
Unggas,Retensio Sec,0,"Vetoxy La, Vetadryl, Sulpidone, Hematodin"
Unggas,Rhinitis,0,"Septri, Hematopan, Biodin, Vetadryl"
Unggas,Rhinotracheitis,0,"Inj/ Betamox, Tolfedine, Hematodin, Vetadryl, Injektamin"
Unggas,Seizure,0,Castran
Unggas,Sehat,0,"Vaksin, Surat Keterangan Sehat, Operasi"
Unggas,Snot,0,"Enrofloxacin, Biodin"
Unggas,Stres fisiologis,0,"Betamox, Vetadryl, Hematopan , Biodin "
Unggas,Stomatitis,0,"Betamox, Biodin"
Unggas,Scabies,0,"Ivermectin, Biosolamin,Inmunair"
Unggas,Sporotrichosis,0,"Betamox, Vetadryl "
Unggas,Sprain,0,"Vitol Ade, Vetoxy La"
Unggas,Suspek Calisivirus,0,"Bethamox, Hematodin, Vetadryl, Biodin"
Unggas,Suspek FUS,0,"Bethamox, Hematodin, Vetadryl"
Unggas,Suspek Panleucopenia,0,"Bethamox, Hematodin, Vetadryl"
Unggas,Suspek Chlamydiosis,0,"Bethamox, Hematodin, Vetadryl"
Unggas,Suspect FRV,0,"Vitamin B-Comp, Dexametazone/Spiradin, Hematodin"
Unggas,Suspect FHV,0,"Vetoxy LA, Vetadryl"
Unggas,Syaraf Tulang Belakang,0,"Bethamox, Hematodin, Dexamethasone"
Unggas,Tumor,0,"Operasi Angkat Tumor, Betamox, Vitol"
Unggas,Timpany,0,"Trocar, Antibloat"
Unggas,Uveitis,0,"Limoxin , Dexa , Hematopan Biodin"
Unggas,Vaksin Rabies,0,"Cefotaxime,Roborante,Dexamethason,Biosolamin, Enrofloxacin"
Unggas,Vulnus,0,"Cefotaxime,Roborante,Dexamethason,Biosolamin, Enrofloxacin"
Kelinci,Abortus,0,"Vetoxy La, Vetadryl, Sulpidone, Hematodin"
Kelinci,Abses,0,"Cefotaxime,Dexamethason,Biosolamin,Septo Skin Spray"
Kelinci,Acral Lick Dermatitis,0,"Bethamox, Vitol Ade, Vetadryl"
Kelinci,Aggenesis Anni,0,Op Pembuatan Anus
Kelinci,Alergi,0,"Vetadryl, Vit Ade."
Kelinci,Anemia,0,"Hematodin, Vetadryl"
Kelinci,Arthritis,0,"Calcidex, Vit Ade, Dexamethazone, Biodin"
Kelinci,Avitaminosis,0,"Inj/ Betamox, Vetadryl, Hematodin, Biodin, Curvit"
Kelinci,BEF,0,"Vetoxy LA, Vetadryl, Sulpidone, Hematodin"
Kelinci,Bronkitis,0,"Cefadroxil, Ambroxol, Dexamethason, Vit C"
Kelinci,Calici,0,"Clavamox, Pronisi, Vi. C, Imboost"
Kelinci,Check Up,0,Hematodin
Kelinci,Chlamydia,0,"Dexamethason, Chloramphenicol Salep Mata"
Kelinci,Chlongiohepatitis,0,"Betamox, Vetadryl, Hematopan , Biodin "
Kelinci,CKD,0,"Ketosteril, Lenal Ace, Ornipural"
Kelinci,Conjunctivitis,0,"Dexamethason, Chloramphenicol Salep Mata"
Kelinci,Dehidrasi,0,"Hematodin, Cairan RL"
Kelinci,Demam Non Spesifik,0,"Bethamox, Hematodin, Sulpidone"
Kelinci,Demodecosisi,0," Ivomec, Vetadryl"
Kelinci,Dermatitis,0,"Ivermectin,Lincomycin,Prednisone,Biosolamin,Inmunair"
Kelinci,Dermatophytosis,0,"Sebazole, Chlorhexidine, Vetadryl"
Kelinci,Diarrhea,0,"Bethamox, Vetadryl, Biodin, Hematodin"
Kelinci,Dislokasi,0,"Bethamox, Hematodin, Dexamethazone"
Kelinci,Distokia,0,"Ketamin, Lidocaine, Dexamethasone, Vit B1 , Caesar"
Kelinci,DIPHYLIDIASIS,0,"Inj / Betamox, Vetadryl, Hematopan R/ Drontal Cat"
Kelinci,Ear mites,0,"Ivermectin, Roborante, Erlamicetin Tetes Telinga"
Kelinci,Ektoparasitosis,0,"Ivermectin, Roborante"
Kelinci,Endoparasit,0,"Doxycycline, Clindamycin, Ivermectine, Selamectine"
Kelinci,Enteritis,0,"Biosolamin,Loperamide,Flagyl,Inmunair"
Kelinci,EGC,0,"Doxycycline,Dexa, Catosal"
Kelinci,Endophtalmitis,0,"Inj/ Betamox, Tolfedine , Hematopan , Biodin "
Kelinci,Endometritis,0,"Doxyciclin,Dexamethason, Biosolamin"
Kelinci,Febris,0,"Vit. B Complek, Stimuno"
Kelinci,FCV,0,"Inj / Vetadryl , Aminophyline , Vetoxy , Hematopan , Biodin R/ Infus Rl Subkutan "
Kelinci,FHV / FRV,0,"Vitamin C , Vetadryl, Hematopan, Biodin"
Kelinci,FIC,0,Flunixin
Kelinci,FIP,0,"Doxycycline, Curcuma, B Complek"
Kelinci,FLUTD,0,"Pasang Cateter,Ampicillin,Aminophyllin,Biosolamin,"
Kelinci,Flu,0,"Cefotaxime,Ampicillin,Aminophyllin,Biosolamin,Fluimucil"
Kelinci,Fraktur,0,"Operasi Pasang Pen, Bandage, Meloxicam"
Kelinci,FUC,0,"Betamox, Tolfedin , Hematopan , Biodin"
Kelinci,Gangguan Syaraf Tulang Belakang,0,"Bethamox, Vitamin B1, Dexametazone, Hematodin"
Kelinci,Gastritis,0,"Primperan,Biosolamin,Prednisone,Cefotaxime"
Kelinci,Gastroenteritis,0,"Primperan,Biosolamin,Flagyl,Loperamide,Mylanta"
Kelinci,Ginggivitis,0,"Betamox, Vetadryl"
Kelinci,Glaucoma,0,"Inj/ Hematopan, R/ Cravit Eye Drop, Hyalub Eye Drop R/Doxy, Retivit, Seloxy"
Kelinci,Helminthiasis,0,"Drontal Dog, Drontal Cat, Albendazole"
Kelinci,Hernia Abdominalis,0,"Rl Sc, Vetadryl, Hematodin"
Kelinci,Hyphocalsemia,0,"Calcidex Plus, Vit Ade"
Kelinci,Hydroderma,0,"R/ Furosemide, Heptasan, Seloxy"
Kelinci,Heart Failure,0,"Inj / Betamox, Vetadryl"
Kelinci,Indigesti,0,"Bethamox, Hematodin, Vetadryl"
Kelinci,Inkoordinasi Syaraf,0,"Neurobion, Catosol"
Kelinci,Intoksikasi ,0,"Bethamox, Hematodin, Vetadryl, Biodin"
Kelinci,Ikterus,0,"Hematodin, Vetadryl, Vit B1"
Kelinci,Jamur,0,"Ivermectin,Ketoconazole,Enrofloxacin"
Kelinci,Kennel Cough,0,"Betamox, Vetadryl "
Kelinci,Konstipasi,0," Betamox, Vetadryl , Hematopan"
Kelinci,Kornea ulser,0,"Gentamicin, Tetracicline, Ofloxacin, Vit A"
Kelinci,Laminitis,0,"Cefotaxime,Ampicillin,Aminophyllin,Biosolamin, Dexamethason"
Kelinci,Luka Trauma,0,"Cefotaxime,Roborante,Dexamethason,Biosolamin, Enrofloxacin"
Kelinci,Laringitis,0,"Cefotaxime,Ampicillin,Aminophyllin,Biosolamin, Dexamethason"
Kelinci,Malnutrisi,0, Hematodin
Kelinci,Mastitis,0,"Lactaclox, Spiradin"
Kelinci,Myalgia,0," Betamox, Dexa, Neurobion"
Kelinci,Myasis,0,"Betamox, Dexa, Ivomec"
Kelinci,Mycoplasmosis,0,"Inj / Vetadryl , Aminophyline , Vetoxy , Hematopan , Biodin R/ Infus Rl Subkutan "
Kelinci,Metritis,0,"Vetoxy La, Vetadryl, Hematodin, Sulpidone"
Kelinci,Miositis,0,"Dexamethason, Prednisone"
Kelinci,Necrotic,0,"Inj/ Cefazidime , Biodin , Dexametasone"
Kelinci,Operasi Kecil,0,"Ketamine, Silazin, Bethamox, Hematodin"
Kelinci,Operasi Besar,0,"Ketamine, Silazin, Bethamox, Hematodin"
Kelinci,ORF,0,"Vetoxy LA, Vetadryl, Introvit B-Comp"
Kelinci,Othematoma,0,"Amoxicillin, Dexamethasone, Adona, "
Kelinci,Otitis,0,"Doxyciclin,Biosolamin,"
Kelinci,Paraplegia,0,Nacl Fisiologis
Kelinci,Parvo,0,"Infus Rl Subkutan , Inj / Catosal , Hvetadryl, Betamox "
Kelinci,Panleukopenia,0,"Betamox, Vetadryl, Hematopan, Biodin"
Kelinci,Pasteurellosis,0,"Inj / Baytril, Vetadryl , Hematopan , Biodin"
Kelinci,Pemeriksaan,0,"Hematodin, Vit Ade"
Kelinci,Periodontitis,0,"Vit C, Ampicillin, Amoxicillin, Dexamethasone"
Kelinci,Pneumonia,0,"Hematopan, Vetedryl, Biodin"
Kelinci,Post partus,0,"Bethamox, Hematodin, Vetadryl"
Kelinci,Pregnant,0,"Vit Ade, Vit Bcomplex, Biodin"
Kelinci,Prolaps anii,0,"Metronidazole, Hematopan, Kaolin Pectin"
Kelinci,Prolaps Bulbi,0,"Betamox, Vetadryl, Biodin, Hematopan, Enukleasi"
Kelinci,Prolaps Testis,0,"Betamox, Vetadryl, Biodin, Hematopan, Kastrasi"
Kelinci,Pullorum,0,"Inj / Hematodin, Biodin, Vetadryl, R/ Baytril, Seloxy Aa, Bio Atp, Imboost"
Kelinci,Pyoderma,0,"Cephalexin, Dexamethasone, Vit.C"
Kelinci,Pyometra,0," Betamox, Vetadryl, Hematopan Biodin, Operasi Angkat Pyometra"
Kelinci,Radang,0,"Bethamox, Hematodin, Vetadryl, Tolfedine"
Kelinci,Renal Failure,0,"Biodin, Hematodin"
Kelinci,Retensio Sec,0,"Vetoxy La, Vetadryl, Sulpidone, Hematodin"
Kelinci,Rhinitis,0,"Septri, Hematopan, Biodin, Vetadryl"
Kelinci,Rhinotracheitis,0,"Inj/ Betamox, Tolfedine, Hematodin, Vetadryl, Injektamin"
Kelinci,Seizure,0,Castran
Kelinci,Sehat,0,"Vaksin, Surat Keterangan Sehat, Operasi"
Kelinci,Snot,0,"Enrofloxacin, Biodin"
Kelinci,Stres fisiologis,0,"Betamox, Vetadryl, Hematopan , Biodin "
Kelinci,Stomatitis,0,"Betamox, Biodin"
Kelinci,Scabies,2,"Ivermectin, Biosolamin,Inmunair"
Kelinci,Sporotrichosis,0,"Betamox, Vetadryl "
Kelinci,Sprain,0,"Vitol Ade, Vetoxy La"
Kelinci,Suspek Calisivirus,0,"Bethamox, Hematodin, Vetadryl, Biodin"
Kelinci,Suspek FUS,0,"Bethamox, Hematodin, Vetadryl"
Kelinci,Suspek Panleucopenia,0,"Bethamox, Hematodin, Vetadryl"
Kelinci,Suspek Chlamydiosis,0,"Bethamox, Hematodin, Vetadryl"
Kelinci,Suspect FRV,0,"Vitamin B-Comp, Dexametazone/Spiradin, Hematodin"
Kelinci,Suspect FHV,0,"Vetoxy LA, Vetadryl"
Kelinci,Syaraf Tulang Belakang,0,"Bethamox, Hematodin, Dexamethasone"
Kelinci,Tumor,0,"Operasi Angkat Tumor, Betamox, Vitol"
Kelinci,Timpany,0,"Trocar, Antibloat"
Kelinci,Uveitis,0,"Limoxin , Dexa , Hematopan Biodin"
Kelinci,Vaksin Rabies,0,"Cefotaxime,Roborante,Dexamethason,Biosolamin, Enrofloxacin"
Kelinci,Vulnus,0,"Cefotaxime,Roborante,Dexamethason,Biosolamin, Enrofloxacin"
Musang,Abortus,0,"Vetoxy La, Vetadryl, Sulpidone, Hematodin"
Musang,Abses,0,"Cefotaxime,Dexamethason,Biosolamin,Septo Skin Spray"
Musang,Acral Lick Dermatitis,0,"Bethamox, Vitol Ade, Vetadryl"
Musang,Aggenesis Anni,0,Op Pembuatan Anus
Musang,Alergi,0,"Vetadryl, Vit Ade."
Musang,Anemia,0,"Hematodin, Vetadryl"
Musang,Arthritis,0,"Calcidex, Vit Ade, Dexamethazone, Biodin"
Musang,Avitaminosis,0,"Inj/ Betamox, Vetadryl, Hematodin, Biodin, Curvit"
Musang,BEF,0,"Vetoxy LA, Vetadryl, Sulpidone, Hematodin"
Musang,Bronkitis,0,"Cefadroxil, Ambroxol, Dexamethason, Vit C"
Musang,Calici,0,"Clavamox, Pronisi, Vi. C, Imboost"
Musang,Check Up,0,Hematodin
Musang,Chlamydia,0,"Dexamethason, Chloramphenicol Salep Mata"
Musang,Chlongiohepatitis,0,"Betamox, Vetadryl, Hematopan , Biodin "
Musang,CKD,0,"Ketosteril, Lenal Ace, Ornipural"
Musang,Conjunctivitis,0,"Dexamethason, Chloramphenicol Salep Mata"
Musang,Dehidrasi,0,"Hematodin, Cairan RL"
Musang,Demam Non Spesifik,0,"Bethamox, Hematodin, Sulpidone"
Musang,Demodecosisi,0," Ivomec, Vetadryl"
Musang,Dermatitis,0,"Ivermectin,Lincomycin,Prednisone,Biosolamin,Inmunair"
Musang,Dermatophytosis,0,"Sebazole, Chlorhexidine, Vetadryl"
Musang,Diarrhea,0,"Bethamox, Vetadryl, Biodin, Hematodin"
Musang,Dislokasi,0,"Bethamox, Hematodin, Dexamethazone"
Musang,Distokia,0,"Ketamin, Lidocaine, Dexamethasone, Vit B1 , Caesar"
Musang,DIPHYLIDIASIS,0,"Inj / Betamox, Vetadryl, Hematopan R/ Drontal Cat"
Musang,Ear mites,0,"Ivermectin, Roborante, Erlamicetin Tetes Telinga"
Musang,Ektoparasitosis,0,"Ivermectin, Roborante"
Musang,Endoparasit,0,"Doxycycline, Clindamycin, Ivermectine, Selamectine"
Musang,Enteritis,0,"Biosolamin,Loperamide,Flagyl,Inmunair"
Musang,EGC,0,"Doxycycline,Dexa, Catosal"
Musang,Endophtalmitis,0,"Inj/ Betamox, Tolfedine , Hematopan , Biodin "
Musang,Endometritis,0,"Doxyciclin,Dexamethason, Biosolamin"
Musang,Febris,0,"Vit. B Complek, Stimuno"
Musang,FCV,0,"Inj / Vetadryl , Aminophyline , Vetoxy , Hematopan , Biodin R/ Infus Rl Subkutan "
Musang,FHV / FRV,0,"Vitamin C , Vetadryl, Hematopan, Biodin"
Musang,FIC,0,Flunixin
Musang,FIP,0,"Doxycycline, Curcuma, B Complek"
Musang,FLUTD,0,"Pasang Cateter,Ampicillin,Aminophyllin,Biosolamin,"
Musang,Flu,0,"Cefotaxime,Ampicillin,Aminophyllin,Biosolamin,Fluimucil"
Musang,Fraktur,0,"Operasi Pasang Pen, Bandage, Meloxicam"
Musang,FUC,0,"Betamox, Tolfedin , Hematopan , Biodin"
Musang,Gangguan Syaraf Tulang Belakang,0,"Bethamox, Vitamin B1, Dexametazone, Hematodin"
Musang,Gastritis,0,"Primperan,Biosolamin,Prednisone,Cefotaxime"
Musang,Gastroenteritis,0,"Primperan,Biosolamin,Flagyl,Loperamide,Mylanta"
Musang,Ginggivitis,0,"Betamox, Vetadryl"
Musang,Glaucoma,0,"Inj/ Hematopan, R/ Cravit Eye Drop, Hyalub Eye Drop R/Doxy, Retivit, Seloxy"
Musang,Helminthiasis,0,"Drontal Dog, Drontal Cat, Albendazole"
Musang,Hernia Abdominalis,0,"Rl Sc, Vetadryl, Hematodin"
Musang,Hyphocalsemia,0,"Calcidex Plus, Vit Ade"
Musang,Hydroderma,0,"R/ Furosemide, Heptasan, Seloxy"
Musang,Heart Failure,0,"Inj / Betamox, Vetadryl"
Musang,Indigesti,0,"Bethamox, Hematodin, Vetadryl"
Musang,Inkoordinasi Syaraf,0,"Neurobion, Catosol"
Musang,Intoksikasi ,0,"Bethamox, Hematodin, Vetadryl, Biodin"
Musang,Ikterus,0,"Hematodin, Vetadryl, Vit B1"
Musang,Jamur,0,"Ivermectin,Ketoconazole,Enrofloxacin"
Musang,Kennel Cough,0,"Betamox, Vetadryl "
Musang,Konstipasi,0," Betamox, Vetadryl , Hematopan"
Musang,Kornea ulser,0,"Gentamicin, Tetracicline, Ofloxacin, Vit A"
Musang,Laminitis,0,"Cefotaxime,Ampicillin,Aminophyllin,Biosolamin, Dexamethason"
Musang,Luka Trauma,0,"Cefotaxime,Roborante,Dexamethason,Biosolamin, Enrofloxacin"
Musang,Laringitis,0,"Cefotaxime,Ampicillin,Aminophyllin,Biosolamin, Dexamethason"
Musang,Malnutrisi,0, Hematodin
Musang,Mastitis,0,"Lactaclox, Spiradin"
Musang,Myalgia,0," Betamox, Dexa, Neurobion"
Musang,Myasis,0,"Betamox, Dexa, Ivomec"
Musang,Mycoplasmosis,0,"Inj / Vetadryl , Aminophyline , Vetoxy , Hematopan , Biodin R/ Infus Rl Subkutan "
Musang,Metritis,0,"Vetoxy La, Vetadryl, Hematodin, Sulpidone"
Musang,Miositis,0,"Dexamethason, Prednisone"
Musang,Necrotic,0,"Inj/ Cefazidime , Biodin , Dexametasone"
Musang,Operasi Kecil,0,"Ketamine, Silazin, Bethamox, Hematodin"
Musang,Operasi Besar,0,"Ketamine, Silazin, Bethamox, Hematodin"
Musang,ORF,0,"Vetoxy LA, Vetadryl, Introvit B-Comp"
Musang,Othematoma,0,"Amoxicillin, Dexamethasone, Adona, "
Musang,Otitis,0,"Doxyciclin,Biosolamin,"
Musang,Paraplegia,0,Nacl Fisiologis
Musang,Parvo,0,"Infus Rl Subkutan , Inj / Catosal , Hvetadryl, Betamox "
Musang,Panleukopenia,0,"Betamox, Vetadryl, Hematopan, Biodin"
Musang,Pasteurellosis,0,"Inj / Baytril, Vetadryl , Hematopan , Biodin"
Musang,Pemeriksaan,0,"Hematodin, Vit Ade"
Musang,Periodontitis,0,"Vit C, Ampicillin, Amoxicillin, Dexamethasone"
Musang,Pneumonia,0,"Hematopan, Vetedryl, Biodin"
Musang,Post partus,0,"Bethamox, Hematodin, Vetadryl"
Musang,Pregnant,0,"Vit Ade, Vit Bcomplex, Biodin"
Musang,Prolaps anii,0,"Metronidazole, Hematopan, Kaolin Pectin"
Musang,Prolaps Bulbi,0,"Betamox, Vetadryl, Biodin, Hematopan, Enukleasi"
Musang,Prolaps Testis,0,"Betamox, Vetadryl, Biodin, Hematopan, Kastrasi"
Musang,Pullorum,0,"Inj / Hematodin, Biodin, Vetadryl, R/ Baytril, Seloxy Aa, Bio Atp, Imboost"
Musang,Pyoderma,0,"Cephalexin, Dexamethasone, Vit.C"
Musang,Pyometra,0," Betamox, Vetadryl, Hematopan Biodin, Operasi Angkat Pyometra"
Musang,Radang,0,"Bethamox, Hematodin, Vetadryl, Tolfedine"
Musang,Renal Failure,0,"Biodin, Hematodin"
Musang,Retensio Sec,0,"Vetoxy La, Vetadryl, Sulpidone, Hematodin"
Musang,Rhinitis,0,"Septri, Hematopan, Biodin, Vetadryl"
Musang,Rhinotracheitis,0,"Inj/ Betamox, Tolfedine, Hematodin, Vetadryl, Injektamin"
Musang,Seizure,0,Castran
Musang,Sehat,1,"Vaksin, Surat Keterangan Sehat, Operasi"
Musang,Snot,0,"Enrofloxacin, Biodin"
Musang,Stres fisiologis,0,"Betamox, Vetadryl, Hematopan , Biodin "
Musang,Stomatitis,0,"Betamox, Biodin"
Musang,Scabies,0,"Ivermectin, Biosolamin,Inmunair"
Musang,Sporotrichosis,0,"Betamox, Vetadryl "
Musang,Sprain,0,"Vitol Ade, Vetoxy La"
Musang,Suspek Calisivirus,0,"Bethamox, Hematodin, Vetadryl, Biodin"
Musang,Suspek FUS,0,"Bethamox, Hematodin, Vetadryl"
Musang,Suspek Panleucopenia,0,"Bethamox, Hematodin, Vetadryl"
Musang,Suspek Chlamydiosis,0,"Bethamox, Hematodin, Vetadryl"
Musang,Suspect FRV,0,"Vitamin B-Comp, Dexametazone/Spiradin, Hematodin"
Musang,Suspect FHV,0,"Vetoxy LA, Vetadryl"
Musang,Syaraf Tulang Belakang,0,"Bethamox, Hematodin, Dexamethasone"
Musang,Tumor,0,"Operasi Angkat Tumor, Betamox, Vitol"
Musang,Timpany,0,"Trocar, Antibloat"
Musang,Uveitis,0,"Limoxin , Dexa , Hematopan Biodin"
Musang,Vaksin Rabies,0,"Cefotaxime,Roborante,Dexamethason,Biosolamin, Enrofloxacin"
Musang,Vulnus,0,"Cefotaxime,Roborante,Dexamethason,Biosolamin, Enrofloxacin"
Sapi Perah,Abortus,0,"Vetoxy La, Vetadryl, Sulpidone, Hematodin"
Sapi Perah,Abses,0,"Cefotaxime,Dexamethason,Biosolamin,Septo Skin Spray"
Sapi Perah,Acral Lick Dermatitis,0,"Bethamox, Vitol Ade, Vetadryl"
Sapi Perah,Aggenesis Anni,0,Op Pembuatan Anus
Sapi Perah,Alergi,0,"Vetadryl, Vit Ade."
Sapi Perah,Anemia,1,"Hematodin, Vetadryl"
Sapi Perah,Arthritis,0,"Calcidex, Vit Ade, Dexamethazone, Biodin"
Sapi Perah,Avitaminosis,0,"Inj/ Betamox, Vetadryl, Hematodin, Biodin, Curvit"
Sapi Perah,BEF,0,"Vetoxy LA, Vetadryl, Sulpidone, Hematodin"
Sapi Perah,Bronkitis,0,"Cefadroxil, Ambroxol, Dexamethason, Vit C"
Sapi Perah,Calici,0,"Clavamox, Pronisi, Vi. C, Imboost"
Sapi Perah,Check Up,0,Hematodin
Sapi Perah,Chlamydia,0,"Dexamethason, Chloramphenicol Salep Mata"
Sapi Perah,Chlongiohepatitis,0,"Betamox, Vetadryl, Hematopan , Biodin "
Sapi Perah,CKD,0,"Ketosteril, Lenal Ace, Ornipural"
Sapi Perah,Conjunctivitis,0,"Dexamethason, Chloramphenicol Salep Mata"
Sapi Perah,Dehidrasi,0,"Hematodin, Cairan RL"
Sapi Perah,Demam Non Spesifik,0,"Bethamox, Hematodin, Sulpidone"
Sapi Perah,Demodecosisi,0," Ivomec, Vetadryl"
Sapi Perah,Dermatitis,0,"Ivermectin,Lincomycin,Prednisone,Biosolamin,Inmunair"
Sapi Perah,Dermatophytosis,0,"Sebazole, Chlorhexidine, Vetadryl"
Sapi Perah,Diarrhea,0,"Bethamox, Vetadryl, Biodin, Hematodin"
Sapi Perah,Dislokasi,0,"Bethamox, Hematodin, Dexamethazone"
Sapi Perah,Distokia,0,"Ketamin, Lidocaine, Dexamethasone, Vit B1 , Caesar"
Sapi Perah,DIPHYLIDIASIS,0,"Inj / Betamox, Vetadryl, Hematopan R/ Drontal Cat"
Sapi Perah,Ear mites,0,"Ivermectin, Roborante, Erlamicetin Tetes Telinga"
Sapi Perah,Ektoparasitosis,0,"Ivermectin, Roborante"
Sapi Perah,Endoparasit,0,"Doxycycline, Clindamycin, Ivermectine, Selamectine"
Sapi Perah,Enteritis,3,"Biosolamin,Loperamide,Flagyl,Inmunair"
Sapi Perah,EGC,0,"Doxycycline,Dexa, Catosal"
Sapi Perah,Endophtalmitis,0,"Inj/ Betamox, Tolfedine , Hematopan , Biodin "
Sapi Perah,Endometritis,0,"Doxyciclin,Dexamethason, Biosolamin"
Sapi Perah,Febris,0,"Vit. B Complek, Stimuno"
Sapi Perah,FCV,0,"Inj / Vetadryl , Aminophyline , Vetoxy , Hematopan , Biodin R/ Infus Rl Subkutan "
Sapi Perah,FHV / FRV,0,"Vitamin C , Vetadryl, Hematopan, Biodin"
Sapi Perah,FIC,0,Flunixin
Sapi Perah,FIP,0,"Doxycycline, Curcuma, B Complek"
Sapi Perah,FLUTD,0,"Pasang Cateter,Ampicillin,Aminophyllin,Biosolamin,"
Sapi Perah,Flu,0,"Cefotaxime,Ampicillin,Aminophyllin,Biosolamin,Fluimucil"
Sapi Perah,Fraktur,0,"Operasi Pasang Pen, Bandage, Meloxicam"
Sapi Perah,FUC,0,"Betamox, Tolfedin , Hematopan , Biodin"
Sapi Perah,Gangguan Syaraf Tulang Belakang,0,"Bethamox, Vitamin B1, Dexametazone, Hematodin"
Sapi Perah,Gastritis,0,"Primperan,Biosolamin,Prednisone,Cefotaxime"
Sapi Perah,Gastroenteritis,0,"Primperan,Biosolamin,Flagyl,Loperamide,Mylanta"
Sapi Perah,Ginggivitis,0,"Betamox, Vetadryl"
Sapi Perah,Glaucoma,0,"Inj/ Hematopan, R/ Cravit Eye Drop, Hyalub Eye Drop R/Doxy, Retivit, Seloxy"
Sapi Perah,Helminthiasis,0,"Drontal Dog, Drontal Cat, Albendazole"
Sapi Perah,Hernia Abdominalis,0,"Rl Sc, Vetadryl, Hematodin"
Sapi Perah,Hyphocalsemia,0,"Calcidex Plus, Vit Ade"
Sapi Perah,Hydroderma,0,"R/ Furosemide, Heptasan, Seloxy"
Sapi Perah,Heart Failure,0,"Inj / Betamox, Vetadryl"
Sapi Perah,Indigesti,0,"Bethamox, Hematodin, Vetadryl"
Sapi Perah,Inkoordinasi Syaraf,0,"Neurobion, Catosol"
Sapi Perah,Intoksikasi ,0,"Bethamox, Hematodin, Vetadryl, Biodin"
Sapi Perah,Ikterus,0,"Hematodin, Vetadryl, Vit B1"
Sapi Perah,Jamur,0,"Ivermectin,Ketoconazole,Enrofloxacin"
Sapi Perah,Kennel Cough,0,"Betamox, Vetadryl "
Sapi Perah,Konstipasi,0," Betamox, Vetadryl , Hematopan"
Sapi Perah,Kornea ulser,0,"Gentamicin, Tetracicline, Ofloxacin, Vit A"
Sapi Perah,Laminitis,0,"Cefotaxime,Ampicillin,Aminophyllin,Biosolamin, Dexamethason"
Sapi Perah,Luka Trauma,0,"Cefotaxime,Roborante,Dexamethason,Biosolamin, Enrofloxacin"
Sapi Perah,Laringitis,0,"Cefotaxime,Ampicillin,Aminophyllin,Biosolamin, Dexamethason"
Sapi Perah,Malnutrisi,0, Hematodin
Sapi Perah,Mastitis,1,"Lactaclox, Spiradin"
Sapi Perah,Myalgia,0," Betamox, Dexa, Neurobion"
Sapi Perah,Myasis,0,"Betamox, Dexa, Ivomec"
Sapi Perah,Mycoplasmosis,0,"Inj / Vetadryl , Aminophyline , Vetoxy , Hematopan , Biodin R/ Infus Rl Subkutan "
Sapi Perah,Metritis,0,"Vetoxy La, Vetadryl, Hematodin, Sulpidone"
Sapi Perah,Miositis,0,"Dexamethason, Prednisone"
Sapi Perah,Necrotic,0,"Inj/ Cefazidime , Biodin , Dexametasone"
Sapi Perah,Operasi Kecil,0,"Ketamine, Silazin, Bethamox, Hematodin"
Sapi Perah,Operasi Besar,0,"Ketamine, Silazin, Bethamox, Hematodin"
Sapi Perah,ORF,0,"Vetoxy LA, Vetadryl, Introvit B-Comp"
Sapi Perah,Othematoma,0,"Amoxicillin, Dexamethasone, Adona, "
Sapi Perah,Otitis,0,"Doxyciclin,Biosolamin,"
Sapi Perah,Paraplegia,0,Nacl Fisiologis
Sapi Perah,Parvo,0,"Infus Rl Subkutan , Inj / Catosal , Hvetadryl, Betamox "
Sapi Perah,Panleukopenia,0,"Betamox, Vetadryl, Hematopan, Biodin"
Sapi Perah,Pasteurellosis,0,"Inj / Baytril, Vetadryl , Hematopan , Biodin"
Sapi Perah,Pemeriksaan,0,"Hematodin, Vit Ade"
Sapi Perah,Periodontitis,0,"Vit C, Ampicillin, Amoxicillin, Dexamethasone"
Sapi Perah,Pneumonia,4,"Hematopan, Vetedryl, Biodin"
Sapi Perah,Post partus,21,"Bethamox, Hematodin, Vetadryl"
Sapi Perah,Pregnant,0,"Vit Ade, Vit Bcomplex, Biodin"
Sapi Perah,Prolaps anii,0,"Metronidazole, Hematopan, Kaolin Pectin"
Sapi Perah,Prolaps Bulbi,0,"Betamox, Vetadryl, Biodin, Hematopan, Enukleasi"
Sapi Perah,Prolaps Testis,0,"Betamox, Vetadryl, Biodin, Hematopan, Kastrasi"
Sapi Perah,Pullorum,0,"Inj / Hematodin, Biodin, Vetadryl, R/ Baytril, Seloxy Aa, Bio Atp, Imboost"
Sapi Perah,Pyoderma,0,"Cephalexin, Dexamethasone, Vit.C"
Sapi Perah,Pyometra,0," Betamox, Vetadryl, Hematopan Biodin, Operasi Angkat Pyometra"
Sapi Perah,Radang,0,"Bethamox, Hematodin, Vetadryl, Tolfedine"
Sapi Perah,Renal Failure,0,"Biodin, Hematodin"
Sapi Perah,Retensio Sec,9,"Vetoxy La, Vetadryl, Sulpidone, Hematodin"
Sapi Perah,Rhinitis,0,"Septri, Hematopan, Biodin, Vetadryl"
Sapi Perah,Rhinotracheitis,0,"Inj/ Betamox, Tolfedine, Hematodin, Vetadryl, Injektamin"
Sapi Perah,Seizure,0,Castran
Sapi Perah,Sehat,0,"Vaksin, Surat Keterangan Sehat, Operasi"
Sapi Perah,Snot,0,"Enrofloxacin, Biodin"
Sapi Perah,Stres fisiologis,0,"Betamox, Vetadryl, Hematopan , Biodin "
Sapi Perah,Stomatitis,0,"Betamox, Biodin"
Sapi Perah,Scabies,0,"Ivermectin, Biosolamin,Inmunair"
Sapi Perah,Sporotrichosis,0,"Betamox, Vetadryl "
Sapi Perah,Sprain,0,"Vitol Ade, Vetoxy La"
Sapi Perah,Suspek Calisivirus,0,"Bethamox, Hematodin, Vetadryl, Biodin"
Sapi Perah,Suspek FUS,0,"Bethamox, Hematodin, Vetadryl"
Sapi Perah,Suspek Panleucopenia,0,"Bethamox, Hematodin, Vetadryl"
Sapi Perah,Suspek Chlamydiosis,0,"Bethamox, Hematodin, Vetadryl"
Sapi Perah,Suspect FRV,0,"Vitamin B-Comp, Dexametazone/Spiradin, Hematodin"
Sapi Perah,Suspect FHV,0,"Vetoxy LA, Vetadryl"
Sapi Perah,Syaraf Tulang Belakang,0,"Bethamox, Hematodin, Dexamethasone"
Sapi Perah,Tumor,0,"Operasi Angkat Tumor, Betamox, Vitol"
Sapi Perah,Timpany,0,"Trocar, Antibloat"
Sapi Perah,Uveitis,0,"Limoxin , Dexa , Hematopan Biodin"
Sapi Perah,Vaksin Rabies,0,"Cefotaxime,Roborante,Dexamethason,Biosolamin, Enrofloxacin"
Sapi Perah,Vulnus,0,"Cefotaxime,Roborante,Dexamethason,Biosolamin, Enrofloxacin"
Sapi potong,Abortus,0,"Vetoxy La, Vetadryl, Sulpidone, Hematodin"
Sapi potong,Abses,0,"Cefotaxime,Dexamethason,Biosolamin,Septo Skin Spray"
Sapi potong,Acral Lick Dermatitis,0,"Bethamox, Vitol Ade, Vetadryl"
Sapi potong,Aggenesis Anni,0,Op Pembuatan Anus
Sapi potong,Alergi,0,"Vetadryl, Vit Ade."
Sapi potong,Anemia,0,"Hematodin, Vetadryl"
Sapi potong,Arthritis,0,"Calcidex, Vit Ade, Dexamethazone, Biodin"
Sapi potong,Avitaminosis,0,"Inj/ Betamox, Vetadryl, Hematodin, Biodin, Curvit"
Sapi potong,BEF,2,"Vetoxy LA, Vetadryl, Sulpidone, Hematodin"
Sapi potong,Bronkitis,0,"Cefadroxil, Ambroxol, Dexamethason, Vit C"
Sapi potong,Calici,0,"Clavamox, Pronisi, Vi. C, Imboost"
Sapi potong,Check Up,0,Hematodin
Sapi potong,Chlamydia,0,"Dexamethason, Chloramphenicol Salep Mata"
Sapi potong,Chlongiohepatitis,0,"Betamox, Vetadryl, Hematopan , Biodin "
Sapi potong,CKD,0,"Ketosteril, Lenal Ace, Ornipural"
Sapi potong,Conjunctivitis,0,"Dexamethason, Chloramphenicol Salep Mata"
Sapi potong,Dehidrasi,0,"Hematodin, Cairan RL"
Sapi potong,Demam Non Spesifik,0,"Bethamox, Hematodin, Sulpidone"
Sapi potong,Demodecosisi,0," Ivomec, Vetadryl"
Sapi potong,Dermatitis,0,"Ivermectin,Lincomycin,Prednisone,Biosolamin,Inmunair"
Sapi potong,Dermatophytosis,0,"Sebazole, Chlorhexidine, Vetadryl"
Sapi potong,Diarrhea,0,"Bethamox, Vetadryl, Biodin, Hematodin"
Sapi potong,Dislokasi,0,"Bethamox, Hematodin, Dexamethazone"
Sapi potong,Distokia,0,"Ketamin, Lidocaine, Dexamethasone, Vit B1 , Caesar"
Sapi potong,DIPHYLIDIASIS,0,"Inj / Betamox, Vetadryl, Hematopan R/ Drontal Cat"
Sapi potong,Ear mites,0,"Ivermectin, Roborante, Erlamicetin Tetes Telinga"
Sapi potong,Ektoparasitosis,0,"Ivermectin, Roborante"
Sapi potong,Endoparasit,0,"Doxycycline, Clindamycin, Ivermectine, Selamectine"
Sapi potong,Enteritis,0,"Biosolamin,Loperamide,Flagyl,Inmunair"
Sapi potong,EGC,0,"Doxycycline,Dexa, Catosal"
Sapi potong,Endophtalmitis,0,"Inj/ Betamox, Tolfedine , Hematopan , Biodin "
Sapi potong,Endometritis,0,"Doxyciclin,Dexamethason, Biosolamin"
Sapi potong,Febris,0,"Vit. B Complek, Stimuno"
Sapi potong,FCV,0,"Inj / Vetadryl , Aminophyline , Vetoxy , Hematopan , Biodin R/ Infus Rl Subkutan "
Sapi potong,FHV / FRV,0,"Vitamin C , Vetadryl, Hematopan, Biodin"
Sapi potong,FIC,0,Flunixin
Sapi potong,FIP,0,"Doxycycline, Curcuma, B Complek"
Sapi potong,FLUTD,0,"Pasang Cateter,Ampicillin,Aminophyllin,Biosolamin,"
Sapi potong,Flu,0,"Cefotaxime,Ampicillin,Aminophyllin,Biosolamin,Fluimucil"
Sapi potong,Fraktur,0,"Operasi Pasang Pen, Bandage, Meloxicam"
Sapi potong,FUC,0,"Betamox, Tolfedin , Hematopan , Biodin"
Sapi potong,Gangguan Syaraf Tulang Belakang,0,"Bethamox, Vitamin B1, Dexametazone, Hematodin"
Sapi potong,Gastritis,0,"Primperan,Biosolamin,Prednisone,Cefotaxime"
Sapi potong,Gastroenteritis,0,"Primperan,Biosolamin,Flagyl,Loperamide,Mylanta"
Sapi potong,Ginggivitis,0,"Betamox, Vetadryl"
Sapi potong,Glaucoma,0,"Inj/ Hematopan, R/ Cravit Eye Drop, Hyalub Eye Drop R/Doxy, Retivit, Seloxy"
Sapi potong,Helminthiasis,0,"Drontal Dog, Drontal Cat, Albendazole"
Sapi potong,Hernia Abdominalis,0,"Rl Sc, Vetadryl, Hematodin"
Sapi potong,Hyphocalsemia,0,"Calcidex Plus, Vit Ade"
Sapi potong,Hydroderma,0,"R/ Furosemide, Heptasan, Seloxy"
Sapi potong,Heart Failure,0,"Inj / Betamox, Vetadryl"
Sapi potong,Indigesti,0,"Bethamox, Hematodin, Vetadryl"
Sapi potong,Inkoordinasi Syaraf,0,"Neurobion, Catosol"
Sapi potong,Intoksikasi ,0,"Bethamox, Hematodin, Vetadryl, Biodin"
Sapi potong,Ikterus,0,"Hematodin, Vetadryl, Vit B1"
Sapi potong,Jamur,0,"Ivermectin,Ketoconazole,Enrofloxacin"
Sapi potong,Kennel Cough,0,"Betamox, Vetadryl "
Sapi potong,Konstipasi,0," Betamox, Vetadryl , Hematopan"
Sapi potong,Kornea ulser,0,"Gentamicin, Tetracicline, Ofloxacin, Vit A"
Sapi potong,Laminitis,0,"Cefotaxime,Ampicillin,Aminophyllin,Biosolamin, Dexamethason"
Sapi potong,Luka Trauma,0,"Cefotaxime,Roborante,Dexamethason,Biosolamin, Enrofloxacin"
Sapi potong,Laringitis,0,"Cefotaxime,Ampicillin,Aminophyllin,Biosolamin, Dexamethason"
Sapi potong,Malnutrisi,0, Hematodin
Sapi potong,Mastitis,0,"Lactaclox, Spiradin"
Sapi potong,Myalgia,0," Betamox, Dexa, Neurobion"
Sapi potong,Myasis,0,"Betamox, Dexa, Ivomec"
Sapi potong,Mycoplasmosis,0,"Inj / Vetadryl , Aminophyline , Vetoxy , Hematopan , Biodin R/ Infus Rl Subkutan "
Sapi potong,Metritis,0,"Vetoxy La, Vetadryl, Hematodin, Sulpidone"
Sapi potong,Miositis,0,"Dexamethason, Prednisone"
Sapi potong,Necrotic,0,"Inj/ Cefazidime , Biodin , Dexametasone"
Sapi potong,Operasi Kecil,0,"Ketamine, Silazin, Bethamox, Hematodin"
Sapi potong,Operasi Besar,0,"Ketamine, Silazin, Bethamox, Hematodin"
Sapi potong,ORF,0,"Vetoxy LA, Vetadryl, Introvit B-Comp"
Sapi potong,Othematoma,0,"Amoxicillin, Dexamethasone, Adona, "
Sapi potong,Otitis,0,"Doxyciclin,Biosolamin,"
Sapi potong,Paraplegia,0,Nacl Fisiologis
Sapi potong,Parvo,0,"Infus Rl Subkutan , Inj / Catosal , Hvetadryl, Betamox "
Sapi potong,Panleukopenia,0,"Betamox, Vetadryl, Hematopan, Biodin"
Sapi potong,Pasteurellosis,0,"Inj / Baytril, Vetadryl , Hematopan , Biodin"
Sapi potong,Pemeriksaan,0,"Hematodin, Vit Ade"
Sapi potong,Periodontitis,0,"Vit C, Ampicillin, Amoxicillin, Dexamethasone"
Sapi potong,Pneumonia,0,"Hematopan, Vetedryl, Biodin"
Sapi potong,Post partus,0,"Bethamox, Hematodin, Vetadryl"
Sapi potong,Pregnant,0,"Vit Ade, Vit Bcomplex, Biodin"
Sapi potong,Prolaps anii,0,"Metronidazole, Hematopan, Kaolin Pectin"
Sapi potong,Prolaps Bulbi,0,"Betamox, Vetadryl, Biodin, Hematopan, Enukleasi"
Sapi potong,Prolaps Testis,0,"Betamox, Vetadryl, Biodin, Hematopan, Kastrasi"
Sapi potong,Pullorum,0,"Inj / Hematodin, Biodin, Vetadryl, R/ Baytril, Seloxy Aa, Bio Atp, Imboost"
Sapi potong,Pyoderma,0,"Cephalexin, Dexamethasone, Vit.C"
Sapi potong,Pyometra,0," Betamox, Vetadryl, Hematopan Biodin, Operasi Angkat Pyometra"
Sapi potong,Radang,0,"Bethamox, Hematodin, Vetadryl, Tolfedine"
Sapi potong,Renal Failure,0,"Biodin, Hematodin"
Sapi potong,Retensio Sec,0,"Vetoxy La, Vetadryl, Sulpidone, Hematodin"
Sapi potong,Rhinitis,0,"Septri, Hematopan, Biodin, Vetadryl"
Sapi potong,Rhinotracheitis,0,"Inj/ Betamox, Tolfedine, Hematodin, Vetadryl, Injektamin"
Sapi potong,Seizure,0,Castran
Sapi potong,Sehat,0,"Vaksin, Surat Keterangan Sehat, Operasi"
Sapi potong,Snot,0,"Enrofloxacin, Biodin"
Sapi potong,Stres fisiologis,0,"Betamox, Vetadryl, Hematopan , Biodin "
Sapi potong,Stomatitis,0,"Betamox, Biodin"
Sapi potong,Scabies,0,"Ivermectin, Biosolamin,Inmunair"
Sapi potong,Sporotrichosis,0,"Betamox, Vetadryl "
Sapi potong,Sprain,0,"Vitol Ade, Vetoxy La"
Sapi potong,Suspek Calisivirus,0,"Bethamox, Hematodin, Vetadryl, Biodin"
Sapi potong,Suspek FUS,0,"Bethamox, Hematodin, Vetadryl"
Sapi potong,Suspek Panleucopenia,0,"Bethamox, Hematodin, Vetadryl"
Sapi potong,Suspek Chlamydiosis,0,"Bethamox, Hematodin, Vetadryl"
Sapi potong,Suspect FRV,0,"Vitamin B-Comp, Dexametazone/Spiradin, Hematodin"
Sapi potong,Suspect FHV,0,"Vetoxy LA, Vetadryl"
Sapi potong,Syaraf Tulang Belakang,0,"Bethamox, Hematodin, Dexamethasone"
Sapi potong,Tumor,0,"Operasi Angkat Tumor, Betamox, Vitol"
Sapi potong,Timpany,0,"Trocar, Antibloat"
Sapi potong,Uveitis,0,"Limoxin , Dexa , Hematopan Biodin"
Sapi potong,Vaksin Rabies,0,"Cefotaxime,Roborante,Dexamethason,Biosolamin, Enrofloxacin"
Sapi potong,Vulnus,0,"Cefotaxime,Roborante,Dexamethason,Biosolamin, Enrofloxacin"
kambing,Abortus,0,"Vetoxy La, Vetadryl, Sulpidone, Hematodin"
kambing,Abses,0,"Cefotaxime,Dexamethason,Biosolamin,Septo Skin Spray"
kambing,Acral Lick Dermatitis,0,"Bethamox, Vitol Ade, Vetadryl"
kambing,Aggenesis Anni,0,Op Pembuatan Anus
kambing,Alergi,0,"Vetadryl, Vit Ade."
kambing,Anemia,0,"Hematodin, Vetadryl"
kambing,Arthritis,0,"Calcidex, Vit Ade, Dexamethazone, Biodin"
kambing,Avitaminosis,1,"Inj/ Betamox, Vetadryl, Hematodin, Biodin, Curvit"
kambing,BEF,0,"Vetoxy LA, Vetadryl, Sulpidone, Hematodin"
kambing,Bronkitis,0,"Cefadroxil, Ambroxol, Dexamethason, Vit C"
kambing,Calici,0,"Clavamox, Pronisi, Vi. C, Imboost"
kambing,Check Up,0,Hematodin
kambing,Chlamydia,0,"Dexamethason, Chloramphenicol Salep Mata"
kambing,Chlongiohepatitis,0,"Betamox, Vetadryl, Hematopan , Biodin "
kambing,CKD,0,"Ketosteril, Lenal Ace, Ornipural"
kambing,Conjunctivitis,0,"Dexamethason, Chloramphenicol Salep Mata"
kambing,Dehidrasi,0,"Hematodin, Cairan RL"
kambing,Demam Non Spesifik,0,"Bethamox, Hematodin, Sulpidone"
kambing,Demodecosisi,0," Ivomec, Vetadryl"
kambing,Dermatitis,0,"Ivermectin,Lincomycin,Prednisone,Biosolamin,Inmunair"
kambing,Dermatophytosis,0,"Sebazole, Chlorhexidine, Vetadryl"
kambing,Diarrhea,0,"Bethamox, Vetadryl, Biodin, Hematodin"
kambing,Dislokasi,0,"Bethamox, Hematodin, Dexamethazone"
kambing,Distokia,0,"Ketamin, Lidocaine, Dexamethasone, Vit B1 , Caesar"
kambing,DIPHYLIDIASIS,0,"Inj / Betamox, Vetadryl, Hematopan R/ Drontal Cat"
kambing,Ear mites,0,"Ivermectin, Roborante, Erlamicetin Tetes Telinga"
kambing,Ektoparasitosis,0,"Ivermectin, Roborante"
kambing,Endoparasit,0,"Doxycycline, Clindamycin, Ivermectine, Selamectine"
kambing,Enteritis,0,"Biosolamin,Loperamide,Flagyl,Inmunair"
kambing,EGC,0,"Doxycycline,Dexa, Catosal"
kambing,Endophtalmitis,0,"Inj/ Betamox, Tolfedine , Hematopan , Biodin "
kambing,Endometritis,0,"Doxyciclin,Dexamethason, Biosolamin"
kambing,Febris,0,"Vit. B Complek, Stimuno"
kambing,FCV,0,"Inj / Vetadryl , Aminophyline , Vetoxy , Hematopan , Biodin R/ Infus Rl Subkutan "
kambing,FHV / FRV,0,"Vitamin C , Vetadryl, Hematopan, Biodin"
kambing,FIC,0,Flunixin
kambing,FIP,0,"Doxycycline, Curcuma, B Complek"
kambing,FLUTD,0,"Pasang Cateter,Ampicillin,Aminophyllin,Biosolamin,"
kambing,Flu,0,"Cefotaxime,Ampicillin,Aminophyllin,Biosolamin,Fluimucil"
kambing,Fraktur,0,"Operasi Pasang Pen, Bandage, Meloxicam"
kambing,FUC,0,"Betamox, Tolfedin , Hematopan , Biodin"
kambing,Gangguan Syaraf Tulang Belakang,0,"Bethamox, Vitamin B1, Dexametazone, Hematodin"
kambing,Gastritis,0,"Primperan,Biosolamin,Prednisone,Cefotaxime"
kambing,Gastroenteritis,0,"Primperan,Biosolamin,Flagyl,Loperamide,Mylanta"
kambing,Ginggivitis,0,"Betamox, Vetadryl"
kambing,Glaucoma,0,"Inj/ Hematopan, R/ Cravit Eye Drop, Hyalub Eye Drop R/Doxy, Retivit, Seloxy"
kambing,Helminthiasis,0,"Drontal Dog, Drontal Cat, Albendazole"
kambing,Hernia Abdominalis,0,"Rl Sc, Vetadryl, Hematodin"
kambing,Hyphocalsemia,0,"Calcidex Plus, Vit Ade"
kambing,Hydroderma,0,"R/ Furosemide, Heptasan, Seloxy"
kambing,Heart Failure,0,"Inj / Betamox, Vetadryl"
kambing,Indigesti,0,"Bethamox, Hematodin, Vetadryl"
kambing,Inkoordinasi Syaraf,0,"Neurobion, Catosol"
kambing,Intoksikasi ,0,"Bethamox, Hematodin, Vetadryl, Biodin"
kambing,Ikterus,0,"Hematodin, Vetadryl, Vit B1"
kambing,Jamur,0,"Ivermectin,Ketoconazole,Enrofloxacin"
kambing,Kennel Cough,0,"Betamox, Vetadryl "
kambing,Konstipasi,0," Betamox, Vetadryl , Hematopan"
kambing,Kornea ulser,0,"Gentamicin, Tetracicline, Ofloxacin, Vit A"
kambing,Laminitis,0,"Cefotaxime,Ampicillin,Aminophyllin,Biosolamin, Dexamethason"
kambing,Luka Trauma,0,"Cefotaxime,Roborante,Dexamethason,Biosolamin, Enrofloxacin"
kambing,Laringitis,0,"Cefotaxime,Ampicillin,Aminophyllin,Biosolamin, Dexamethason"
kambing,Malnutrisi,0, Hematodin
kambing,Mastitis,1,"Lactaclox, Spiradin"
kambing,Myalgia,0," Betamox, Dexa, Neurobion"
kambing,Myasis,0,"Betamox, Dexa, Ivomec"
kambing,Mycoplasmosis,0,"Inj / Vetadryl , Aminophyline , Vetoxy , Hematopan , Biodin R/ Infus Rl Subkutan "
kambing,Metritis,0,"Vetoxy La, Vetadryl, Hematodin, Sulpidone"
kambing,Miositis,0,"Dexamethason, Prednisone"
kambing,Necrotic,0,"Inj/ Cefazidime , Biodin , Dexametasone"
kambing,Operasi Kecil,0,"Ketamine, Silazin, Bethamox, Hematodin"
kambing,Operasi Besar,0,"Ketamine, Silazin, Bethamox, Hematodin"
kambing,ORF,2,"Vetoxy LA, Vetadryl, Introvit B-Comp"
kambing,Othematoma,0,"Amoxicillin, Dexamethasone, Adona, "
kambing,Otitis,0,"Doxyciclin,Biosolamin,"
kambing,Paraplegia,0,Nacl Fisiologis
kambing,Parvo,0,"Infus Rl Subkutan , Inj / Catosal , Hvetadryl, Betamox "
kambing,Panleukopenia,0,"Betamox, Vetadryl, Hematopan, Biodin"
kambing,Pasteurellosis,0,"Inj / Baytril, Vetadryl , Hematopan , Biodin"
kambing,Pemeriksaan,0,"Hematodin, Vit Ade"
kambing,Periodontitis,0,"Vit C, Ampicillin, Amoxicillin, Dexamethasone"
kambing,Pneumonia,0,"Hematopan, Vetedryl, Biodin"
kambing,Post partus,0,"Bethamox, Hematodin, Vetadryl"
kambing,Pregnant,0,"Vit Ade, Vit Bcomplex, Biodin"
kambing,Prolaps anii,0,"Metronidazole, Hematopan, Kaolin Pectin"
kambing,Prolaps Bulbi,0,"Betamox, Vetadryl, Biodin, Hematopan, Enukleasi"
kambing,Prolaps Testis,0,"Betamox, Vetadryl, Biodin, Hematopan, Kastrasi"
kambing,Pullorum,0,"Inj / Hematodin, Biodin, Vetadryl, R/ Baytril, Seloxy Aa, Bio Atp, Imboost"
kambing,Pyoderma,0,"Cephalexin, Dexamethasone, Vit.C"
kambing,Pyometra,0," Betamox, Vetadryl, Hematopan Biodin, Operasi Angkat Pyometra"
kambing,Radang,0,"Bethamox, Hematodin, Vetadryl, Tolfedine"
kambing,Renal Failure,0,"Biodin, Hematodin"
kambing,Retensio Sec,0,"Vetoxy La, Vetadryl, Sulpidone, Hematodin"
kambing,Rhinitis,0,"Septri, Hematopan, Biodin, Vetadryl"
kambing,Rhinotracheitis,0,"Inj/ Betamox, Tolfedine, Hematodin, Vetadryl, Injektamin"
kambing,Seizure,0,Castran
kambing,Sehat,0,"Vaksin, Surat Keterangan Sehat, Operasi"
kambing,Snot,0,"Enrofloxacin, Biodin"
kambing,Stres fisiologis,0,"Betamox, Vetadryl, Hematopan , Biodin "
kambing,Stomatitis,0,"Betamox, Biodin"
kambing,Scabies,0,"Ivermectin, Biosolamin,Inmunair"
kambing,Sporotrichosis,0,"Betamox, Vetadryl "
kambing,Sprain,0,"Vitol Ade, Vetoxy La"
kambing,Suspek Calisivirus,0,"Bethamox, Hematodin, Vetadryl, Biodin"
kambing,Suspek FUS,0,"Bethamox, Hematodin, Vetadryl"
kambing,Suspek Panleucopenia,0,"Bethamox, Hematodin, Vetadryl"
kambing,Suspek Chlamydiosis,0,"Bethamox, Hematodin, Vetadryl"
kambing,Suspect FRV,0,"Vitamin B-Comp, Dexametazone/Spiradin, Hematodin"
kambing,Suspect FHV,0,"Vetoxy LA, Vetadryl"
kambing,Syaraf Tulang Belakang,0,"Bethamox, Hematodin, Dexamethasone"
kambing,Tumor,0,"Operasi Angkat Tumor, Betamox, Vitol"
kambing,Timpany,0,"Trocar, Antibloat"
kambing,Uveitis,0,"Limoxin , Dexa , Hematopan Biodin"
kambing,Vaksin Rabies,0,"Cefotaxime,Roborante,Dexamethason,Biosolamin, Enrofloxacin"
kambing,Vulnus,0,"Cefotaxime,Roborante,Dexamethason,Biosolamin, Enrofloxacin"
